"mean","se_mean","sd","2.5%","25%","50%","75%","97.5%","n_eff","Rhat","title"
"logitmu[1,1]",1.27733639369318,0.00516849282094448,0.630588156425327,0.0258160484900899,0.94948473266764,1.27520973610739,1.60315065895714,2.53325967944977,14885.512253707,0.999930737149102,"logitmu[1,1]"
"logitmu[1,2]",2.66817454793164,0.00308842378247723,0.397150082490864,1.91203273444903,2.41050931869207,2.6592364672447,2.91357181928758,3.47542003835217,16536.1932110794,1.00016800259766,"logitmu[1,2]"
"logitmu[1,3]",0.169379277117636,0.0061506308844058,0.794417016820113,-1.44394027267387,-0.268191972593379,0.162659690834235,0.605954099333799,1.7973535039904,16682.3699336349,1.00000910351154,"logitmu[1,3]"
"logitmu[2,1]",2.21439019040749,0.0134676927380326,1.64253184294167,-1.13737088951983,1.30228234220073,2.20137371880561,3.12107842389339,5.64367578891392,14874.4596017782,1.00010714051952,"logitmu[2,1]"
"logitmu[2,2]",1.4482182747782,0.00374199755820854,0.45923314853768,0.544277209317228,1.16523687128457,1.44283508600374,1.72415057405696,2.39213178665771,15061.1959316571,1.00001823318866,"logitmu[2,2]"
"logitmu[2,3]",1.59351465910333,0.00758368816167647,0.986947594019122,-0.317802243330855,1.05130888367991,1.55539879151863,2.10198605535569,3.69509415066442,16936.6398270557,0.999991839442498,"logitmu[2,3]"
"nu[1,1]",-0.262787288454806,0.00487401469166426,0.525677067948945,-1.37170868644954,-0.565527926636504,-0.199868967090658,0.0316284454991073,0.746666774139701,11632.2679010987,1.00013887203184,"nu[1,1]"
"nu[1,2]",0.169145998799752,0.00448174563960876,0.527325633831288,-0.791769520557952,-0.11437952070205,0.0827888994465058,0.432283915862563,1.39341283597026,13844.0563207983,0.999980589516995,"nu[1,2]"
"nu[1,3]",-0.375977899202386,0.0058644979724818,0.679784487156246,-2.00528659850559,-0.722454479986454,-0.235356449961399,0.0266784308499622,0.759183832483005,13436.3348471988,0.999905810655086,"nu[1,3]"
"nu[1,4]",-0.308418190940816,0.00624585705163084,0.597122318188149,-1.69855463589447,-0.630603590868237,-0.181087869921606,0.0484431424970688,0.717420113212135,9139.92278663936,0.999959647846774,"nu[1,4]"
"nu[1,5]",0.390603749511704,0.00596983852434261,0.606740542437951,-0.551098652224578,-0.00421507971578877,0.255426707265619,0.709751659132611,1.85394160699949,10329.5371642154,0.999990222911068,"nu[1,5]"
"nu[1,6]",0.252469658934033,0.00456280531252881,0.540562524033207,-0.671695714260399,-0.0525710383783995,0.14881547859013,0.52078373608756,1.5488418337655,14035.5032941343,1.00011375578007,"nu[1,6]"
"nu[1,7]",-0.422748177713104,0.00560910592176187,0.601221725444662,-1.78597322080061,-0.785447585358127,-0.318649789521354,-0.00417502073376342,0.568380517007013,11488.9952206118,1.00000086288106,"nu[1,7]"
"nu[1,8]",0.127184283278776,0.00467250294660892,0.528880699260284,-0.86623950902697,-0.156594655365545,0.0539518527332493,0.387305493624001,1.36132669247077,12811.9804959905,1.00027219306894,"nu[1,8]"
"nu[1,9]",-0.0237655301808157,0.00368635235755439,0.485046787257593,-1.04972126002925,-0.269613990419097,-0.0126986870820769,0.217234170240431,1.01372021862127,17313.0496888016,0.999993616439326,"nu[1,9]"
"nu[1,10]",-0.205978458826606,0.00612033271389545,0.578922265103009,-1.57008274584215,-0.490578771080583,-0.0949061622025672,0.113393256080983,0.841726205338467,8947.26790513167,1.00001643272579,"nu[1,10]"
"nu[1,11]",-0.232438251046635,0.00440695374148388,0.509156707157538,-1.40653518803694,-0.500474788297641,-0.144715371611222,0.0565459907273192,0.685871714464741,13348.2998697975,0.99993830058668,"nu[1,11]"
"nu[1,12]",0.361558097760592,0.00574902876593558,0.624007645274192,-0.698407655081488,-0.0206910436265758,0.243735910175485,0.705328313220954,1.80026323399694,11781.23605692,0.999925604347364,"nu[1,12]"
"nu[1,13]",0.334707755467119,0.00566629882131125,0.574157214037342,-0.673994945387304,-0.0104032614934591,0.246438919818569,0.648908125213152,1.64144724774749,10267.4525346665,0.999949186354906,"nu[1,13]"
"nu[1,14]",0.298695658890724,0.00446206492051376,0.467060207830461,-0.485687044004122,-0.00543243165407833,0.213820912294636,0.557196005518589,1.3771611451111,10956.5535836085,0.999938677233656,"nu[1,14]"
"nu[1,15]",-0.0861571829951389,0.00394229072416116,0.429538926068311,-0.992260588325444,-0.319717577086519,-0.0497487238669197,0.138713889163601,0.806904222305477,11871.5590656483,1.00000591593031,"nu[1,15]"
"nu[2,1]",0.264897338717921,0.00693776415046247,0.871317823355099,-1.46144548896734,-0.179588390346258,0.162344901429886,0.694361541862613,2.20908037566958,15772.9937773256,1.00015146588963,"nu[2,1]"
"nu[2,2]",0.0808608131882469,0.00596181053114839,0.68852865118017,-1.29549326614687,-0.285106001724194,0.0429593081802015,0.440709805496267,1.55849699154729,13337.9072820673,1.00024451862396,"nu[2,2]"
"nu[2,3]",0.634443233476233,0.0103837134711911,1.05696883344364,-1.01066771356751,-0.0142140659890343,0.397542796840598,1.13365308998768,3.21497623134635,10361.4126902602,1.00000157322473,"nu[2,3]"
"nu[2,4]",0.433018822581087,0.0075522198852377,0.715574355678193,-0.828740349782797,-0.0281273600555816,0.321438707186194,0.882592995640399,2.00270436279285,8977.60067876068,0.99996015412979,"nu[2,4]"
"nu[2,5]",-0.431062549868656,0.00659345031112736,0.7103937749059,-1.98577446920715,-0.844737155714545,-0.336956192858067,0.0168445024795934,0.821152008387505,11608.412146057,0.999955991740847,"nu[2,5]"
"nu[2,6]",-0.329573515426884,0.00572612661890942,0.667860251599097,-1.79050471055293,-0.704573814655198,-0.24809414645459,0.0626813004151295,0.914145775200631,13603.4573468526,0.9999147203711,"nu[2,6]"
"nu[2,7]",0.959036720362012,0.0141686994777309,1.09565345396922,-0.534449546899159,0.127583365064777,0.729650576848776,1.5590659930119,3.5583875520764,5979.79707679167,0.999993313514377,"nu[2,7]"
"nu[2,8]",0.274727126647925,0.00675472107086881,0.71942743432278,-1.08121899333846,-0.124415199184586,0.176350894872593,0.667580889525931,1.87322145108826,11343.81538565,1.00016484641168,"nu[2,8]"
"nu[2,9]",0.128484651298645,0.00594163387641457,0.676821997080552,-1.22539552403712,-0.229134040254757,0.0772685862616772,0.479551647489698,1.59225271004111,12975.8900226842,1.00069767540036,"nu[2,9]"
"nu[2,10]",-0.0407906491820691,0.00536684875350449,0.618635580496434,-1.3756389652466,-0.363261355879438,-0.0124679883407814,0.30767997476847,1.15886710727021,13287.1267082634,1.00002587151975,"nu[2,10]"
"nu[2,11]",0.161747375045958,0.00500118456112039,0.642463643049034,-1.10421108963917,-0.178150910503027,0.113763071914727,0.498623080135774,1.54575520671875,16502.561062459,0.99990441548103,"nu[2,11]"
"nu[2,12]",-1.02904149771073,0.0114729792573924,1.02094696976962,-3.32238067033082,-1.69926612951038,-0.865144720250712,-0.185191614501496,0.397026547541766,7918.70113219141,0.99994319767271,"nu[2,12]"
"nu[2,13]",-0.718273909580027,0.0136918272982738,1.17025634346736,-3.72842253715332,-1.24488268684108,-0.417287768665982,0.0157030293269495,1.00659266403129,7305.31896407215,1.00000060516853,"nu[2,13]"
"nu[2,14]",-0.247582293571516,0.00526724844112745,0.634390048674294,-1.63117098574587,-0.609191908530233,-0.17979898762533,0.108168234326138,0.995376023044392,14505.9146256489,0.999913597660217,"nu[2,14]"
"nu[2,15]",-0.0282494060485535,0.00705709916558939,0.652670415646562,-1.34211909022829,-0.4035155574278,-0.0211723457911834,0.317639784834828,1.36829660919253,8553.33367105935,0.999986091412522,"nu[2,15]"
"delta[1,1,1]",-0.345352121380985,0.00618591027936304,0.686762799767361,-1.85583717359102,-0.687516847799599,-0.256419999857726,0.0284692947600578,0.909843140870671,12325.5495392755,0.999916480312119,"delta[1,1,1]"
"delta[1,1,2]",0.000384948086184547,0.0130864345055962,1.08839780017883,-2.29517990983923,-0.581223398399265,0.00761590541950342,0.602012707971576,2.19595558317028,6917.23672741793,0.999933714186455,"delta[1,1,2]"
"delta[1,1,3]",0.01225415298015,0.0127304951859854,1.68898099964334,-3.4502459859907,-0.828291289325106,0.0031124549432063,0.838980384285737,3.45960535687281,17601.8750564854,1.00006043281028,"delta[1,1,3]"
"delta[1,2,1]",0.00312841583078457,0.00894687732947926,1.08913998915042,-2.20345631594711,-0.367952298153942,0.000585198550566255,0.379943207965103,2.25135555692822,14819.1891880155,0.999947047485516,"delta[1,2,1]"
"delta[1,2,2]",0.531430838134824,0.00526719608482209,0.660694201425514,-0.691481369390082,0.0829515916274568,0.493997082829123,0.934927045793225,1.92184982153882,15734.1040459751,0.999982457022838,"delta[1,2,2]"
"delta[1,2,3]",-0.00374628616785346,0.0131441494092919,1.72139231242762,-3.58612373185879,-0.829433389269505,0.000457845002161623,0.844489258859234,3.50689207094493,17151.2091946071,1.00030702080618,"delta[1,2,3]"
"delta[1,3,1]",0.00612452593455462,0.00825773866467081,1.08963073507748,-2.18893893855019,-0.375294380882509,0.000204352842070399,0.385529619562164,2.22053352773004,17411.5093608045,0.999958567628513,"delta[1,3,1]"
"delta[1,3,2]",-0.00879243224575709,0.00862599645866837,1.07969532162196,-2.20785561351201,-0.592003404514809,-0.00905101876946078,0.591216568551471,2.18727711888935,15666.92946193,1.00010741277005,"delta[1,3,2]"
"delta[1,3,3]",-1.09344459197047,0.00797624233734697,0.998211462815597,-3.21552226469516,-1.66040652395193,-1.04669358142091,-0.451253424223435,0.737775704428603,15662.043455335,1.00002410972698,"delta[1,3,3]"
"delta[1,4,1]",0.0210198383151409,0.00892698934596234,1.11206187662748,-2.13068849823392,-0.371603961374784,0.00311629004274614,0.397866329570747,2.29520484753324,15518.4332453437,1.00030392691756,"delta[1,4,1]"
"delta[1,4,2]",-1.13250663831738,0.00683716747275831,0.681268326485445,-2.42265660656759,-1.59213039939443,-1.16011624874357,-0.684443597626362,0.163347647849396,9928.50732859828,0.999979902058489,"delta[1,4,2]"
"delta[1,4,3]",1.09585008219607,0.00741083881865617,0.898239994533772,-0.458882878968404,0.535732914587568,1.01552643268986,1.5774520830211,3.10541571538085,14690.9554306085,0.999899522512459,"delta[1,4,3]"
"delta[1,5,1]",-0.000901430938953251,0.00890623345923163,1.10614819864433,-2.24742803116151,-0.380421854381871,-0.00869623906653505,0.367012064029537,2.2452938290327,15425.472740873,1.00020857015632,"delta[1,5,1]"
"delta[1,5,2]",0.81873731832377,0.00925055474839011,0.757229639270324,-0.510182538119631,0.280393771986501,0.779123144254034,1.29809238915215,2.39639448897792,6700.69196625693,1.00061409651183,"delta[1,5,2]"
"delta[1,5,3]",-0.0148112934231923,0.0133357453805951,1.70638196872502,-3.39452417765782,-0.845062547724026,-0.0218567286530793,0.830322406192811,3.40217475083562,16372.6099932662,1.00011385083418,"delta[1,5,3]"
"delta[1,6,1]",-0.00555409457560355,0.00866208893812721,1.0907741613941,-2.29692719054123,-0.377098812829073,-0.0010568643884696,0.37498019857745,2.2152684279389,15857.1234148304,0.999926634201087,"delta[1,6,1]"
"delta[1,6,2]",0.501726493465642,0.00673011588384565,0.712877566927483,-0.816424867349113,0.0194125971351648,0.451403216428494,0.937382761988158,1.99283723195789,11219.7921679672,1.0005310142085,"delta[1,6,2]"
"delta[1,6,3]",0.00731883987837189,0.0138405455885544,1.73086397454874,-3.49119501057008,-0.841657350890352,0.00573219593901611,0.861293450452904,3.42281553434279,15639.377305253,1.00005411235178,"delta[1,6,3]"
"delta[1,7,1]",-0.00189264679570914,0.0089294650395882,1.12902492151589,-2.24758298525819,-0.379940550007765,0.000935523035423901,0.382143281007073,2.26296595220216,15986.6024173382,1.00012061465018,"delta[1,7,1]"
"delta[1,7,2]",-0.566142808935159,0.00607018344103343,0.676348814422059,-1.87991106976158,-1.01426641235246,-0.566059737806019,-0.107188083413922,0.763582131599285,12414.7458952046,0.999987039933949,"delta[1,7,2]"
"delta[1,7,3]",0.00394454652998937,0.0142387241236732,1.71764655369196,-3.53591354397101,-0.839989321839332,0.0135424135338734,0.844389705201388,3.51635045963464,14552.0927286856,0.999942766993653,"delta[1,7,3]"
"delta[1,8,1]",-0.00441849582787524,0.00887345294923143,1.16264076466927,-2.26279594141212,-0.382467583171161,-0.00379679382243059,0.370913975366008,2.25274488139279,17167.4499802919,1.00007071915139,"delta[1,8,1]"
"delta[1,8,2]",0.554745650438833,0.00613610783862204,0.669567174188582,-0.695456138416224,0.089383749194995,0.521296701454521,0.989236237501977,1.92841281786802,11906.9996565735,1.00041749294794,"delta[1,8,2]"
"delta[1,8,3]",-0.00768175118937192,0.0143415963619692,1.66902509552353,-3.37095954301613,-0.845513126520674,-0.00353417071916376,0.834173724225056,3.47234815460628,13543.4947265864,1.00045175096174,"delta[1,8,3]"
"delta[1,9,1]",0.00327117937446224,0.0096013226772542,1.15042966762048,-2.19338058578479,-0.374388709283814,0.0053979854564804,0.394764770229693,2.23051929683378,14356.8120441927,1.00021688241807,"delta[1,9,1]"
"delta[1,9,2]",0.0121979884130815,0.0085894595416194,0.641055109969533,-1.25831199692836,-0.381360826660061,0.0135543930405801,0.391984220287151,1.3712610397469,5570.04951636455,1.00029320757273,"delta[1,9,2]"
"delta[1,9,3]",0.0041772463400002,0.0134051461060052,1.70811444113013,-3.43844062324029,-0.835618483095617,-0.00565479760554133,0.858280982060913,3.49082830319036,16236.4404929833,1.00009259587957,"delta[1,9,3]"
"delta[1,10,1]",-0.00498016747355995,0.0085453243634834,1.08866720806108,-2.20101303925246,-0.381008699532178,-0.00300440375358771,0.367762354283935,2.19951496213146,16230.5478241086,0.999902856493377,"delta[1,10,1]"
"delta[1,10,2]",-1.18856914728545,0.00684852403916553,0.670946917204849,-2.49402783462234,-1.63477724631604,-1.21252277815494,-0.758001784000969,0.0920246088699309,9598.03555744831,1.0001386563858,"delta[1,10,2]"
"delta[1,10,3]",1.10617827638496,0.00728328742462462,0.897859645442815,-0.46445536579223,0.545527590083375,1.04158468544949,1.58252482789141,3.13987527214683,15197.1449857574,1.00017881287659,"delta[1,10,3]"
"delta[1,11,1]",-0.0101799209959522,0.00911473311183413,1.08900355044313,-2.2541226646353,-0.396125709671263,-0.00355035312846646,0.371048749763604,2.24750926842899,14274.8212309521,1.00001009777026,"delta[1,11,1]"
"delta[1,11,2]",-0.589369663168117,0.00515400989397565,0.591648538658718,-1.76157615645799,-0.97176877909117,-0.594677909951851,-0.190949705224447,0.575951654895223,13177.6235428839,0.999904353549138,"delta[1,11,2]"
"delta[1,11,3]",0.0187419193579068,0.0138609014294934,1.73399328253152,-3.59974862019801,-0.83817010039721,0.0232073403381186,0.857806411623572,3.54076812038516,15649.9109682293,0.999938126933657,"delta[1,11,3]"
"delta[1,12,1]",-0.0210225781724248,0.00894668269112073,1.11707908463946,-2.23289173332652,-0.392203206817329,-0.00690830795818487,0.363682545553297,2.2013425805826,15589.9158742474,1.00017264093043,"delta[1,12,1]"
"delta[1,12,2]",0.303099874279703,0.0059512431363574,0.732269101269817,-1.09102204868641,-0.15567723405183,0.248972414973774,0.751694540744213,1.83156656215705,15140.0054315939,1.00000286671221,"delta[1,12,2]"
"delta[1,12,3]",0.0235219018430646,0.0142134932328849,1.71366930190751,-3.55089733025751,-0.815505495469803,0.0329457208558044,0.864190074181195,3.50627186078999,14536.2498769382,1.00032807297232,"delta[1,12,3]"
"delta[1,13,1]",0.270704133279441,0.00673242987230209,0.695408327534001,-1.01701560457433,-0.0718880677245859,0.18695848141435,0.602209413610618,1.82501444205513,10669.3041929298,0.99992238307325,"delta[1,13,1]"
"delta[1,13,2]",0.00261019684211714,0.00880768562636636,1.08060835991284,-2.25078085792272,-0.603502321217005,-0.0015712709604476,0.603008614000384,2.18841314986419,15052.6525162798,0.999966703432784,"delta[1,13,2]"
"delta[1,13,3]",-0.00617937724157982,0.0137255360546699,1.72991764959452,-3.55090609028487,-0.837615801477284,0.00290669108215342,0.822927250756403,3.52334256871029,15885.1832560448,1.00004256038112,"delta[1,13,3]"
"delta[1,14,1]",0.348531995786446,0.00618200289347891,0.6873769397663,-0.818749357126351,-0.0238466677005513,0.237355117568689,0.669478409481561,1.92439752806981,12363.2174683947,1.00007000905568,"delta[1,14,1]"
"delta[1,14,2]",0.422409717221232,0.00619714234343243,0.752262475799476,-0.908020736505864,-0.0659849384964667,0.351503441286344,0.859215914707746,2.09200330584538,14735.1938839166,0.999972013329503,"delta[1,14,2]"
"delta[1,14,3]",-0.320891953104116,0.00795581219608207,0.909788216127327,-2.31534415331852,-0.812571251964061,-0.2660486778469,0.21922376432928,1.38248766487088,13077.1037545692,1.00001961154165,"delta[1,14,3]"
"delta[1,15,1]",-0.225826068755121,0.00553407878746919,0.641374697819594,-1.61602268448488,-0.5190961807854,-0.156972681666391,0.087813032628888,0.976939834766286,13431.7614629972,0.999956259533942,"delta[1,15,1]"
"delta[1,15,2]",0.486034440947806,0.00531450106301712,0.640382974288637,-0.665354578093942,0.0423701516914731,0.437024293827513,0.880293714376865,1.8562810240488,14519.5968290047,0.999926430242237,"delta[1,15,2]"
"delta[1,15,3]",-0.771897826976046,0.00709199284653269,0.867994038804093,-2.61740708541464,-1.26241856864512,-0.732697321402131,-0.248877294918441,0.884725271634256,14979.4858598592,0.99998416554514,"delta[1,15,3]"
"delta[2,1,1]",0.704713775092411,0.0143743803830931,1.75081430956629,-2.85667093729817,-0.262954087052404,0.624881247192381,1.66495517291133,4.44201626843395,14835.4904564712,0.999986942262329,"delta[2,1,1]"
"delta[2,1,2]",-0.0110510391929392,0.00815607946473581,1.08675141289969,-2.3176638518839,-0.535537739284363,0.00162564648180183,0.514202167931283,2.2744755191552,17754.0537379744,1.00005515141035,"delta[2,1,2]"
"delta[2,1,3]",-0.00724859290298731,0.0148786346117521,1.97747194477684,-4.0363830366175,-0.85451057077426,0.00251906580406338,0.851563967671678,4.00300156475842,17664.2215981469,0.99989301436483,"delta[2,1,3]"
"delta[2,2,1]",-0.00344602175924269,0.0322248593120607,3.53789067322339,-7.13028316485256,-1.50125837236053,-0.0132585890005325,1.48046247795908,7.17676411467315,12053.3219448761,1.00019334144068,"delta[2,2,1]"
"delta[2,2,2]",0.205948800416735,0.00579101960224018,0.708603751215059,-1.15314837504976,-0.198381386700971,0.144910710042576,0.600624969320737,1.72893070745508,14972.5862718261,1.00010311460673,"delta[2,2,2]"
"delta[2,2,3]",-0.0222331372824583,0.0167568628223632,2.03342565804653,-4.14831520603915,-0.865222705776742,-0.00886457548651384,0.854290207557992,4.1362015055522,14725.5379642212,0.999891417151561,"delta[2,2,3]"
"delta[2,3,1]",0.0575040698228695,0.0263833030624696,3.49074543320084,-6.9604422465056,-1.47803492590893,0.0217663346026381,1.55470257866721,7.39144532852332,17505.6412744932,1.00005008119021,"delta[2,3,1]"
"delta[2,3,2]",0.0137430756030036,0.00900323375768947,1.10444582017081,-2.33096240511623,-0.519794044615138,0.00875328566984748,0.552786572337037,2.33062922298023,15048.4503403979,1.00008081750761,"delta[2,3,2]"
"delta[2,3,3]",1.2942665337439,0.015661680194535,1.83033947373743,-1.14827721852674,0.173950289355613,0.910251852881582,1.99582154810488,5.73698505574552,13657.98365746,1.00004678584252,"delta[2,3,3]"
"delta[2,4,1]",-0.00371930991270755,0.0264170267174054,3.50988254847469,-7.06708407843891,-1.53629093462834,0.00252908794817277,1.53113143111937,7.08008268608198,17652.9502346753,0.999991463344223,"delta[2,4,1]"
"delta[2,4,2]",0.725029592302355,0.00739126848507693,0.757639801369285,-0.573505453406746,0.149098993416389,0.659211303425378,1.22122364859236,2.32288216236221,10507.2147060871,1.00015750047882,"delta[2,4,2]"
"delta[2,4,3]",-0.742003385334279,0.00979644454651142,1.11017859573963,-3.26173763131155,-1.31805279162844,-0.609809675370655,-0.0412302130454679,1.12937359518875,12842.4750543428,0.999942992537715,"delta[2,4,3]"
"delta[2,5,1]",-0.0557610788208188,0.0261914820397101,3.51593308930894,-7.18670980936443,-1.53623570673867,-0.0190215425531986,1.47920269906229,7.0299200974651,18020.2601306753,1.00009199343817,"delta[2,5,1]"
"delta[2,5,2]",-0.345803197777998,0.00614656166264063,0.715697872493502,-1.8658423413074,-0.775949804763689,-0.291463876107653,0.0791043968147707,1.04712275824203,13557.9793075644,0.999977493230583,"delta[2,5,2]"
"delta[2,5,3]",0.00940086027167297,0.0152489266272213,1.96039886566252,-3.97583890081204,-0.842837508620948,-0.00175809621070006,0.871394441819448,3.97606430051733,16527.6206290368,0.999946120046259,"delta[2,5,3]"
"delta[2,6,1]",0.0108612977592468,0.0274473472546045,3.55287413731285,-7.02559315358622,-1.51220618397805,-0.0168064101850299,1.55120928855653,7.32645019873543,16755.5578454546,0.999985378433629,"delta[2,6,1]"
"delta[2,6,2]",-0.295421118125387,0.00671290950111255,0.690312669308255,-1.75663349806625,-0.697499120414516,-0.239606263064118,0.104437494199677,1.04828014390307,10574.7498660078,0.999918061786703,"delta[2,6,2]"
"delta[2,6,3]",0.00319111831756897,0.0155709835526257,2.04890876974551,-4.08879669978669,-0.865275445485229,0.000550490558134518,0.860197946185753,4.0936854388429,17314.6274188278,1.0000020192286,"delta[2,6,3]"
"delta[2,7,1]",-0.0213035015369193,0.0273052379321586,3.55595536340576,-7.21655780902319,-1.51805188463447,-0.01045716655813,1.48727550338213,7.05096305049438,16959.7978371604,1.00014821357679,"delta[2,7,1]"
"delta[2,7,2]",1.04232096333855,0.0122962880084126,1.10357097833829,-0.554302821983838,0.197155333887509,0.863928616722413,1.67634661265219,3.55655550554586,8054.75783859494,0.999913107860278,"delta[2,7,2]"
"delta[2,7,3]",-0.00200285371613959,0.0148702075624791,2.03155099919535,-4.16679861963577,-0.849016679706996,-0.00745982576742889,0.863820582613546,3.983448344438,18664.7164732657,0.999901766476412,"delta[2,7,3]"
"delta[2,8,1]",0.0421523241001677,0.0271898283985247,3.53134336796764,-7.06012726305776,-1.47692512676253,0.00966528352580633,1.57036637990387,7.2664331235927,16868.1309019903,1.00023154268054,"delta[2,8,1]"
"delta[2,8,2]",0.479619286099661,0.00719939249898974,0.751575013158642,-0.86100618189727,-0.00922381770537992,0.398331425468006,0.926020347791476,2.10658111008235,10898.1545832794,1.00027150595962,"delta[2,8,2]"
"delta[2,8,3]",0.0257234873291162,0.0146949633878863,1.96070842523559,-3.99561786221767,-0.849971680137457,0.011421236751929,0.905480818508414,4.07968405076185,17802.828709768,1.00012527569336,"delta[2,8,3]"
"delta[2,9,1]",-0.0310294929117336,0.0270664983431871,3.54009303781293,-7.13882759752808,-1.50846575225535,-0.0219250145092608,1.4797993788788,6.97107602953776,17106.6592419427,0.99997030637923,"delta[2,9,1]"
"delta[2,9,2]",0.13757276052121,0.0067370562625124,0.703061469195898,-1.23078311722197,-0.253353869976609,0.0896605101604536,0.535832155422856,1.61719696316417,10890.4605524348,1.0004214876614,"delta[2,9,2]"
"delta[2,9,3]",-0.00404580863078649,0.0159101631908255,2.02303323932414,-4.10202856260755,-0.884509967579041,0.00800424616173915,0.851092466803146,4.06522213498468,16168.017421998,0.999943178634576,"delta[2,9,3]"
"delta[2,10,1]",0.00720575172273808,0.0277181387357435,3.48251460529251,-7.07968796990537,-1.54071320014194,0.0119747231436407,1.54986340751716,7.01865632469152,15785.4789925865,0.9999392078898,"delta[2,10,1]"
"delta[2,10,2]",0.200271471012677,0.00632789695396046,0.640282290953081,-1.00246046713555,-0.171288606075621,0.138882366508144,0.566734430184712,1.56828121774277,10238.2135468327,0.999978501586928,"delta[2,10,2]"
"delta[2,10,3]",-0.963804356664192,0.00897247374341525,1.07178382307588,-3.34185442602726,-1.53921058553817,-0.873882804582649,-0.289367573060684,0.894177278430048,14268.8838666775,0.999956747607042,"delta[2,10,3]"
"delta[2,11,1]",0.0161383610303223,0.0260388713604575,3.42486764682975,-7.00360968465457,-1.49675763398492,0.00791380097939189,1.51818908734729,7.15976996531562,17299.8872935187,0.999981363781769,"delta[2,11,1]"
"delta[2,11,2]",0.0694450969225045,0.00522578253794811,0.673482354337236,-1.285319638321,-0.300889422219403,0.0411715493282635,0.441383763142342,1.48281543764877,16609.2405946632,1.00000363824352,"delta[2,11,2]"
"delta[2,11,3]",-0.0023233553341878,0.0149582464299046,1.99779844372418,-4.04434135215062,-0.850339164577453,-0.010679503707114,0.845370557132803,4.08530402310471,17837.8280627148,0.999940285429832,"delta[2,11,3]"
"delta[2,12,1]",-0.000945491045122245,0.0264805400927071,3.51634287558055,-7.23807986972351,-1.4925827839573,0.0216057200019076,1.5017556658178,7.11803073597372,17633.1034315114,1.00021732215519,"delta[2,12,1]"
"delta[2,12,2]",-1.19157424272997,0.011494730767615,1.04213788917162,-3.38109964874165,-1.90080785851321,-1.11675696767511,-0.338462812100935,0.418768759225896,8219.63938904935,1.00033291266285,"delta[2,12,2]"
"delta[2,12,3]",0.000188139556118683,0.0153439540799496,2.04989266792159,-4.10214145177396,-0.864892826917981,0.00609845004496237,0.83828122676884,4.13766712369961,17847.9221886574,0.999930938970929,"delta[2,12,3]"
"delta[2,13,1]",-2.66870697850242,0.0194873802516808,1.9406325088003,-6.80916007900052,-3.79685138252509,-2.58745195292733,-1.38143992175596,0.664483045438762,9916.98566605444,1.00000714579245,"delta[2,13,1]"
"delta[2,13,2]",0.0052401160845678,0.00954186305796166,1.10619475177047,-2.3189717676148,-0.528957949404945,0.00628704491460222,0.54037924292556,2.30942532450551,13439.9244847701,1.00016340092517,"delta[2,13,2]"
"delta[2,13,3]",-0.0256148717465441,0.0168371063043215,2.14949280232806,-4.18280382573525,-0.877968951114363,-0.0155752236026272,0.830067349397904,4.05458467298537,16298.1039186239,1.00000094466455,"delta[2,13,3]"
"delta[2,14,1]",2.52699048037683,0.0287292557890465,2.95285612327302,-1.14053950081767,0.637704789147479,1.88719336715963,3.64417479583223,10.1565143555463,10564.180700608,1.00014510493864,"delta[2,14,1]"
"delta[2,14,2]",-0.26474951991094,0.00627339072982815,0.726145287132247,-1.82301101708578,-0.691628708149334,-0.189362944680037,0.160395963470293,1.11474461017389,13398.0739452961,1.00006190886166,"delta[2,14,2]"
"delta[2,14,3]",-0.426799525779635,0.00874700412082743,1.13026116238008,-2.88175234827495,-1.02476398978797,-0.349304516163737,0.211219563174297,1.70975965252004,16697.0192292155,1.0000108070568,"delta[2,14,3]"
"delta[2,15,1]",0.429583293874025,0.0133400147616622,1.68742803282367,-3.03333615469117,-0.48213600317506,0.372108559901113,1.33030007556807,3.97968072140174,16000.6600760941,0.999979679701057,"delta[2,15,1]"
"delta[2,15,2]",-0.722847910455835,0.007260499080246,0.709524708869025,-2.30775442177161,-1.14625902244577,-0.657420448006993,-0.194224689682688,0.421966894409809,9549.97201273401,1.00013650162288,"delta[2,15,2]"
"delta[2,15,3]",1.12706284015203,0.00931283359673806,1.10647525096322,-0.844487777305667,0.413866325803857,1.04419346507849,1.7593089252521,3.51666097550946,14116.2624006642,1.00014761131488,"delta[2,15,3]"
"tau[1,1]",0.829884168402296,0.00990803015002507,0.727676681616802,0.0613109658357146,0.361223669571851,0.655021581263331,1.07151285401774,2.68778799329501,5393.89238449638,1.00005326833912,"tau[1,1]"
"tau[1,2]",0.993752182062164,0.00505502459734402,0.414237511044152,0.180295261574305,0.738123914444089,0.973093471483617,1.22743475761574,1.91056785889215,6715.09716158264,0.999890400241575,"tau[1,2]"
"tau[1,3]",1.4978227875215,0.00843887759851848,0.834842320545175,0.438787367635879,0.948747542393143,1.3141906307182,1.83744005774034,3.5783627340513,9786.77350850975,1.00009114708591,"tau[1,3]"
"tau[2,1]",2.88940417352558,0.0232810696273998,2.02519742783223,0.450708812714,1.64908859294018,2.43464061567401,3.57324515269189,8.17349098423801,7567.08957360516,1.00006969487922,"tau[2,1]"
"tau[2,2]",0.965498868749935,0.00630596396169052,0.522838674336473,0.093177225026073,0.60350212879694,0.93681664657238,1.27484282568131,2.12309273171695,6874.36267522636,1.00020017050187,"tau[2,2]"
"tau[2,3]",1.65386203264194,0.0132981932817881,1.20730044764962,0.255612634428157,0.919593119164079,1.39245365156168,2.07422353039366,4.53525540283885,8242.24351594447,1.00001351564827,"tau[2,3]"
"sigmab[1]",0.585527383941443,0.00496537553892731,0.365266359798293,0.0378042721658754,0.306975794828328,0.550004397529052,0.810115726998672,1.41021889781624,5411.46871689944,1.00005467169272,"sigmab[1]"
"sigmab[2]",0.892686463930666,0.00688665871380768,0.552861740851908,0.0784360924919395,0.474347708053735,0.83077845260392,1.22111806922861,2.133573026925,6444.89656928847,0.999959185747125,"sigmab[2]"
"rho",-0.356213158119706,0.00454076177307474,0.513003413011633,-0.975085567945166,-0.781937398500442,-0.493189243641315,-0.0228976037848668,0.826829525750587,12763.8906152782,1.00008217921986,"rho"
"p_i[1,1,1]",0.660648776442729,0.0002696071665222,0.0305954712701867,0.599932773968974,0.640492732409103,0.661103016531549,0.681609703461143,0.719099287919351,12878.0892317614,0.999937473105479,"p_i[1,1,1]"
"p_i[1,1,2]",0.956563734015411,0.000142749640526882,0.0183007726860999,0.914179751560124,0.945838303018701,0.959021607944118,0.969890271462257,0.984852908436453,16435.7227562139,0.999949223525508,"p_i[1,1,2]"
"p_i[1,2,1]",0.762249950850623,0.00160601133369932,0.183531210315013,0.249245288428774,0.688855147056618,0.805923892172867,0.891079554664071,0.984874678534955,13059.3826025663,0.999902399649098,"p_i[1,2,1]"
"p_i[1,2,2]",0.747185880386536,0.00393201472909131,0.319931770588499,0.00285012370348403,0.606235175736546,0.910577322302542,0.984987412761314,0.999967675924883,6620.4036131999,1.00041053680421,"p_i[1,2,2]"
"p_i[1,3,1]",0.67027759910773,0.00174434855086428,0.220707636036257,0.11446297861099,0.547542120130665,0.716370989835013,0.834401592189688,0.976951046733074,16009.1465671515,0.999941617796268,"p_i[1,3,1]"
"p_i[1,3,2]",0.787375674738833,0.00249352728697668,0.305021864079749,0.00539684644582404,0.708104528494788,0.948431488931572,0.992364014001069,0.999982865771854,14963.5173476815,1.00020934443159,"p_i[1,3,2]"
"p_i[1,4,1]",0.684336431250539,0.00200499338947278,0.215959004144336,0.143456933901155,0.56921964480762,0.732088103122468,0.846506265060768,0.978352609632874,11601.5693950642,1.00014387794497,"p_i[1,4,1]"
"p_i[1,4,2]",0.77414648065418,0.0030232833972307,0.308309368153883,0.00454385778673855,0.669487020696297,0.935094632154377,0.989718477338617,0.999971405947902,10399.5781831555,1.00008380374425,"p_i[1,4,2]"
"p_i[1,5,1]",0.789856858575623,0.00157647187585449,0.177469040539255,0.269471462441506,0.726911362274458,0.834277896748231,0.912549289181671,0.988585939879366,12672.8048735673,1.00022534761346,"p_i[1,5,1]"
"p_i[1,5,2]",0.698707900256101,0.002631212372801,0.333561114027933,0.00157518881069581,0.476765444753856,0.852936477436817,0.973390407642362,0.999929600220466,16070.856600014,1.00015688378032,"p_i[1,5,2]"
"p_i[1,6,1]",0.772765349626685,0.00149384646576309,0.182139308321821,0.235733425186087,0.705166293939016,0.818166860722574,0.897297928644513,0.985702501299894,14866.0448293406,0.999967993626021,"p_i[1,6,1]"
"p_i[1,6,2]",0.711066512525646,0.00275593685354166,0.329693093989849,0.00208015014057923,0.507653046589771,0.867954493838082,0.976323596712801,0.999954209699954,14311.3688658047,1.00001369273991,"p_i[1,6,2]"
"p_i[1,7,1]",0.66091151267938,0.00195397536749173,0.219989494246146,0.129075267478064,0.532736310887835,0.702536523716494,0.828824463955646,0.975178261088167,12675.5179164389,1.00003769425918,"p_i[1,7,1]"
"p_i[1,7,2]",0.803001976246837,0.00245835815987146,0.299909108162821,0.00548730521203177,0.742563771521835,0.96142992916363,0.994888325318112,0.999986230260311,14882.9491906544,1.00005793144736,"p_i[1,7,2]"
"p_i[1,8,1]",0.752924465664153,0.00152676224499821,0.189991460403613,0.206912233038324,0.677752405134173,0.795568696693684,0.886416099401554,0.985438643945404,15485.503775824,1.00006268605356,"p_i[1,8,1]"
"p_i[1,8,2]",0.766222735071022,0.00252923416574555,0.311337103686367,0.00430043703783571,0.651295273621003,0.926765462132691,0.988526655182122,0.999973652451135,15152.4787042833,1.0003352257431,"p_i[1,8,2]"
"p_i[1,9,1]",0.732967499489155,0.00184542169321463,0.194413833625728,0.202705888198603,0.648360735619392,0.778149128787065,0.872297632799763,0.980597870128524,11098.4693064591,1.00011159673443,"p_i[1,9,1]"
"p_i[1,9,2]",0.752918077311284,0.00259093106205614,0.315547113762701,0.00322418146526255,0.620468004800547,0.912978718502482,0.985361666058507,0.999957506815304,14832.5803242036,1.00027492865281,"p_i[1,9,2]"
"p_i[1,10,1]",0.698396516629209,0.00203506748191712,0.211222101448841,0.156817685934291,0.589629326874611,0.750998497655919,0.853488170065562,0.97865075002621,10772.6137502626,0.999953098931752,"p_i[1,10,1]"
"p_i[1,10,2]",0.739857560770144,0.00260906185825366,0.31977775587214,0.00292948657176538,0.580028594639235,0.901003281677053,0.98224894193505,0.999957089042005,15021.9997009854,0.999936050159447,"p_i[1,10,2]"
"p_i[1,11,1]",0.695899747954794,0.00168719488932542,0.205222403467919,0.157800512894174,0.590460399355017,0.738432387402074,0.846385184102573,0.977525782816262,14795.1385564756,1.00001319311009,"p_i[1,11,1]"
"p_i[1,11,2]",0.758147280088842,0.00256092503062221,0.313800050273804,0.00382165927948713,0.633086984759032,0.918670816712144,0.985068666437542,0.999964111486891,15014.5488657643,1.00003598888662,"p_i[1,11,2]"
"p_i[1,12,1]",0.783687972563593,0.00199097512297506,0.183114425581769,0.236865610222305,0.719020847512413,0.831900230857971,0.909668096804785,0.986707538505239,8458.89142813718,1.00023741440078,"p_i[1,12,1]"
"p_i[1,12,2]",0.633016735108159,0.00311589512378408,0.350676135907231,0.000978047679429518,0.324364520806838,0.755187788208217,0.958257714507657,0.999915324595724,12666.2122622696,1.00046298261549,"p_i[1,12,2]"
"p_i[1,13,1]",0.86377213289305,0.000312718896472473,0.0362946457930065,0.785823651018953,0.840405614894937,0.866348050099241,0.889636416883474,0.927381107659824,13470.2878079926,1.00005588582924,"p_i[1,13,1]"
"p_i[1,13,2]",0.255251830811243,0.00109910874324811,0.114547597612049,0.0687652923653396,0.169655581093073,0.242555786293384,0.32728023947301,0.506749389015193,10861.5209748403,0.999930722314571,"p_i[1,13,2]"
"p_i[1,14,1]",0.86377873313155,0.000419122993580485,0.0521029928650236,0.749718245190145,0.830569234659607,0.86837746479992,0.902159097071626,0.950222177875451,15454.0518902496,0.999952388141426,"p_i[1,14,1]"
"p_i[1,14,2]",0.954416593610341,0.000609189153200666,0.0611006401994865,0.77773041428932,0.937273059452889,0.978205247250273,0.995766798920838,0.99999351428091,10059.7502193603,0.999993225831552,"p_i[1,14,2]"
"p_i[1,15,1]",0.721378270972033,0.000396409975685731,0.050213565515113,0.615862870191346,0.688394525771318,0.723359934576223,0.756901314946423,0.812653041724163,16045.4895064759,0.999999066081103,"p_i[1,15,1]"
"p_i[1,15,2]",0.926028062960677,0.000240072157798642,0.0307033681835517,0.854511949090995,0.908017195383455,0.930492350556814,0.948346417846923,0.973841286298697,16356.4273547047,1.00005321323416,"p_i[1,15,2]"
"p_i[2,1,1]",0.871981437745055,0.00146131251840271,0.137113551762186,0.470801181674314,0.839433422022166,0.91680203684967,0.959700025636654,0.992719760100433,8803.88887836874,0.999930115228106,"p_i[2,1,1]"
"p_i[2,1,2]",0.780954245897249,0.00150461091478861,0.197174525972169,0.244475196331521,0.692769979392387,0.841833142661957,0.928550315877826,0.990926363087476,17173.2777856624,1.00001630299511,"p_i[2,1,2]"
"p_i[2,2,1]",0.962752130211796,0.000187627414313793,0.0175640432641189,0.921925985287874,0.952887949400646,0.965589959202469,0.975560713596329,0.989123655151446,8763.07258852505,1.00012703143601,"p_i[2,2,1]"
"p_i[2,2,2]",0.835967477604551,0.000579939530948332,0.0738185799800401,0.668015099306116,0.791108446439574,0.844819943294006,0.890563369127059,0.951872061848442,16201.8999961941,1.00016323954686,"p_i[2,2,2]"
"p_i[2,3,1]",0.855442014291514,0.001212970763041,0.153072136447783,0.401979212444437,0.811428726211662,0.907130893089104,0.957809572938136,0.992957216105706,15925.4466533496,1.00004692995279,"p_i[2,3,1]"
"p_i[2,3,2]",0.820034275729981,0.00147576392634842,0.185300574843578,0.28378704536986,0.754713021129247,0.883614892741659,0.951989023065076,0.995920528756556,15765.9357637899,1.00004010189007,"p_i[2,3,2]"
"p_i[2,4,1]",0.771458985175158,0.000264465018999747,0.0347540742582735,0.700136283771381,0.748394366302846,0.772645692742983,0.795569496632461,0.835617900260302,17269.3097025135,0.999919528305582,"p_i[2,4,1]"
"p_i[2,4,2]",0.925356708795239,0.000263697042984813,0.0307271204754109,0.855065947006267,0.906696480510859,0.929197480093411,0.947871058575045,0.974063617368575,13577.9187913893,1.00017110543127,"p_i[2,4,2]"
"p_i[2,5,1]",0.976520906027726,0.000101116131316096,0.0125468651061705,0.946071973407885,0.969732700411535,0.978608399049211,0.985885550508429,0.994380475044649,15396.7680485148,1.00009503746435,"p_i[2,5,1]"
"p_i[2,5,2]",0.656604962081446,0.000748491362061318,0.0847192530913232,0.480218479414101,0.601652275370163,0.660759536596448,0.716207469281339,0.807698077273331,12811.2247746781,0.999950162840733,"p_i[2,5,2]"
"p_i[2,6,1]",0.963269799808696,0.000158185631955029,0.0200707135673805,0.914788514381849,0.952329992998578,0.966910045262227,0.978373265994482,0.991238306404141,16098.7278418598,1.00010472382245,"p_i[2,6,1]"
"p_i[2,6,2]",0.690559048725623,0.000575906362962551,0.0689945217733344,0.548157710927937,0.645537232880412,0.693907303628301,0.739618192705425,0.816068925405758,14352.4308681201,0.999946148332546,"p_i[2,6,2]"
"p_i[2,7,1]",0.838614626229749,0.000353456482624257,0.0407550113413201,0.7514081466107,0.81288813155824,0.841780729955503,0.86723116625609,0.909016417597312,13295.0548693188,1.00001226416149,"p_i[2,7,1]"
"p_i[2,7,2]",0.954181025716054,0.000311363089344515,0.0378851004302907,0.854919063807705,0.93622320973795,0.963971649199982,0.982599956243804,0.997556231666698,14804.8029163334,0.999951040819909,"p_i[2,7,2]"
"p_i[2,8,1]",0.962081295943494,0.000152151918503758,0.0179537338633561,0.919667905445958,0.951695844884051,0.964725974403076,0.975395672348606,0.988750537662895,13923.7013872882,0.999935232381187,"p_i[2,8,1]"
"p_i[2,8,2]",0.890295459257368,0.000404392542961426,0.0498783722405762,0.774643904692233,0.860973673905735,0.896931195311793,0.927079174885036,0.966813309014321,15213.1191579264,0.999988306227517,"p_i[2,8,2]"
"p_i[2,9,1]",0.928056071828841,0.000291848131356661,0.0315036761505916,0.855313682529772,0.909947708600696,0.932369065904825,0.951231806047824,0.976722303909121,11652.2189030867,1.00016349071948,"p_i[2,9,1]"
"p_i[2,9,2]",0.833257487369105,0.000575107613357276,0.0750555648379067,0.662290959552505,0.788141779467263,0.843812852981523,0.889055544368066,0.950099688750954,17032.0750254938,1.00005185395707,"p_i[2,9,2]"
"p_i[2,10,1]",0.779432674130173,0.000272434275865696,0.0342489119477951,0.709272589829209,0.756645859705854,0.780861039778849,0.803199478180647,0.843264690497721,15804.1107530429,0.999983712054906,"p_i[2,10,1]"
"p_i[2,10,2]",0.828313602489543,0.000373360882737376,0.0448958807708543,0.732016345187319,0.799746899198313,0.831221397365935,0.860178394124895,0.907682946069409,14459.5694866065,0.999982399383831,"p_i[2,10,2]"
"p_i[2,11,1]",0.862089146560329,0.00029270038335763,0.0229880503605798,0.812935098815325,0.847405931582789,0.863449406270726,0.878397470328825,0.9034232221282,6168.18935200998,1.00019342518687,"p_i[2,11,1]"
"p_i[2,11,2]",0.835771695963022,0.000404407571929603,0.0529259795426555,0.720545268013485,0.803095181972075,0.840376577409388,0.874176166221722,0.925607705910191,17127.7080725858,0.999933303918507,"p_i[2,11,2]"
"p_i[2,12,1]",0.959342352709247,0.00021829457394441,0.0232257713373798,0.903441047519127,0.946956499676119,0.963520414990593,0.976670703234978,0.991366107245821,11320.2080969152,0.999909674711828,"p_i[2,12,1]"
"p_i[2,12,2]",0.333886967904534,0.0012280696683524,0.141119095951714,0.0921264188325176,0.228728624529969,0.324323245502271,0.43150528969711,0.628062981912386,13204.6094634847,1.00021224855621,"p_i[2,12,2]"
"p_i[2,13,1]",0.917545757924588,0.000827449585191515,0.10555768264267,0.604652967436409,0.900870786339783,0.953228363082499,0.977910985190984,0.996124341363542,16274.0861093918,0.999953421569289,"p_i[2,13,1]"
"p_i[2,13,2]",0.630779082384372,0.00299532033029533,0.269827071504201,0.0568966650055543,0.442535693309169,0.700804936996831,0.855395342415325,0.979352945820108,8114.92464526701,1.00019825686953,"p_i[2,13,2]"
"p_i[2,14,1]",0.959649673467392,0.000211483936864039,0.0263462620777338,0.893763932940559,0.946909643128171,0.965078739360776,0.978736689845825,0.993411161915837,15519.6971592424,1.00024054406877,"p_i[2,14,1]"
"p_i[2,14,2]",0.701457719853611,0.0010099936431724,0.126137722067988,0.425389858007486,0.620608011616067,0.713763771861472,0.796992819387505,0.907620786771792,15597.4171268072,1.00003460276184,"p_i[2,14,2]"
"p_i[2,15,1]",0.950559157728851,0.000182504847440395,0.0230175638498233,0.895550512631087,0.937889602205765,0.954123296695311,0.967172196360862,0.984846540225513,15906.3269474117,0.999938188003346,"p_i[2,15,1]"
"p_i[2,15,2]",0.665207412506314,0.000423594165266522,0.0556319642988858,0.551516864260194,0.628448686461821,0.667337889939837,0.703580015309839,0.769425940251298,17248.4014064056,0.999935141753823,"p_i[2,15,2]"
"p_i[3,1,1]",0.48337128127481,0.00216659081175925,0.281527866461881,0.018498231627464,0.248996627176535,0.47282930801555,0.711909978469589,0.978922377977328,16884.5303119927,1.00008501264141,"p_i[3,1,1]"
"p_i[3,1,2]",0.759611374008854,0.0021707872830358,0.259101761818968,0.0501180203293713,0.656238919636664,0.85867055841828,0.953517810578616,0.99886136502902,14246.434795773,1.0000791091533,"p_i[3,1,2]"
"p_i[3,2,1]",0.555431689283734,0.00221128601827628,0.28360551315985,0.0259891380273435,0.331263624716933,0.57833919094078,0.798187634871019,0.987659105208293,16448.9999124603,1.00012789110597,"p_i[3,2,1]"
"p_i[3,2,2]",0.739054097646574,0.00255329537741302,0.261640475620117,0.0505659113564901,0.617948757384953,0.832002334420922,0.942702148452803,0.998366070714538,10500.4459051843,0.999915852784297,"p_i[3,2,2]"
"p_i[3,3,1]",0.227071070906697,0.000696830421243354,0.0879277646642724,0.0809441096619685,0.162745664597629,0.218837158362586,0.282298753972663,0.421515435137282,15922.008832743,1.00001932351231,"p_i[3,3,1]"
"p_i[3,3,2]",0.936816803643428,0.000567448250454061,0.0667568489062481,0.760031858501927,0.907958855655422,0.95822766328794,0.986315716104473,0.999721843828965,13840.0970237151,1.00003731677607,"p_i[3,3,2]"
"p_i[3,4,1]",0.720907427640922,0.000418593758490217,0.0377338242733759,0.643387509476012,0.696501676761901,0.721792928954594,0.746811889890234,0.791102191198848,8125.98747039134,1.00000958170007,"p_i[3,4,1]"
"p_i[3,4,2]",0.779082577405206,0.000396571415602075,0.0499475484091729,0.676144016917108,0.74611824926303,0.781809371152963,0.814835578141373,0.868537767518611,15863.0078015156,0.999930088341877,"p_i[3,4,2]"
"p_i[3,5,1]",0.587961343353846,0.00227021034248991,0.28143078096991,0.0337750175676052,0.376561051213433,0.622115670965518,0.830303572217274,0.990573577764756,15367.7750907669,0.999951201975005,"p_i[3,5,1]"
"p_i[3,5,2]",0.676580710470784,0.00237964792232397,0.281425877410008,0.0356040366449985,0.495299415257584,0.762508367364055,0.911518102893486,0.996895084437195,13986.293734272,1.0000154674562,"p_i[3,5,2]"
"p_i[3,6,1]",0.569740107454956,0.00222366871384647,0.281185720963692,0.0295747063752268,0.350098055164826,0.598802762205716,0.810049221247829,0.98914685638034,15989.9223242108,1.00014627552481,"p_i[3,6,1]"
"p_i[3,6,2]",0.688836323245275,0.00215357140209518,0.276663303897197,0.0377661065805198,0.526372535879665,0.775465487809645,0.915213598431237,0.997609234128034,16503.8233692239,1.00014037743014,"p_i[3,6,2]"
"p_i[3,7,1]",0.460852870826508,0.00232584565323352,0.282788129097924,0.0125149219399586,0.222367199518069,0.44904709202222,0.687976878528666,0.973353924243375,14782.9316035255,0.999923801674329,"p_i[3,7,1]"
"p_i[3,7,2]",0.825275674762523,0.00184361703512403,0.223644474111168,0.126187953852622,0.771656267560252,0.915612135756555,0.977678775301539,0.999653324755102,14715.496478491,0.999960134867839,"p_i[3,7,2]"
"p_i[3,8,1]",0.546070901301695,0.002663193500612,0.284029125285541,0.0295695460313824,0.316221478464258,0.567311239112681,0.791308763994152,0.986577270401945,11374.1855332742,1.00060518480496,"p_i[3,8,1]"
"p_i[3,8,2]",0.767705041686134,0.0019446961476864,0.247438119941564,0.076952441148019,0.670588356292921,0.859969765956923,0.953341971413486,0.998924878569838,16189.3609731462,1.00023864438495,"p_i[3,8,2]"
"p_i[3,9,1]",0.525599914812491,0.00231802228519135,0.282216458465308,0.0227473976490823,0.298243008271437,0.536296151315724,0.763197926676804,0.982374980874855,14822.7731240105,1.00018145020251,"p_i[3,9,1]"
"p_i[3,9,2]",0.748782258993249,0.00202796243914248,0.255740124072766,0.0593008865914619,0.635682091840998,0.840744416135448,0.94554999158371,0.998454836640388,15902.95862943,0.999999136899857,"p_i[3,9,2]"
"p_i[3,10,1]",0.742836896566892,0.000280859295552284,0.0361554455042528,0.667876310155196,0.719165995654157,0.743738590732524,0.767976863428006,0.810972549613703,16571.8055997611,1.00012340615953,"p_i[3,10,1]"
"p_i[3,10,2]",0.640929862129324,0.000464963361250209,0.0589863521866258,0.522101764976615,0.601336105520391,0.642000650147616,0.682644301438291,0.751482179957823,16094.0599481054,0.999936469548865,"p_i[3,10,2]"
"p_i[3,11,1]",0.494171544618734,0.00226198801993575,0.283312286818802,0.0171418218575964,0.25718297259637,0.4967298181446,0.726010950423016,0.978688824015521,15687.3728329566,1.00000492286066,"p_i[3,11,1]"
"p_i[3,11,2]",0.753567465215913,0.00192208352487991,0.252453026445735,0.0661983117007345,0.646806259155444,0.8441012459617,0.943776346591806,0.998584669384451,17251.094354821,0.999954947602211,"p_i[3,11,2]"
"p_i[3,12,1]",0.589010953414491,0.00245760553896803,0.283547774383677,0.0334280538376308,0.370148243192673,0.630654948279659,0.83744446854738,0.991133173723945,13311.5347804606,1.00011570540192,"p_i[3,12,1]"
"p_i[3,12,2]",0.587248597372178,0.00277978759519397,0.311969222844296,0.011880635257551,0.324500307228374,0.652138062008038,0.86583129064423,0.995964012858952,12595.0610517281,1.00000915661876,"p_i[3,12,2]"
"p_i[3,13,1]",0.58171873609315,0.00241388025258855,0.280658915558682,0.0295875113983228,0.368045442069788,0.616539252684016,0.820787814742234,0.989817497443607,13518.4295421791,1.00011726797237,"p_i[3,13,1]"
"p_i[3,13,2]",0.628801859239692,0.00282758190259651,0.311086104119153,0.0123854306407505,0.387481234706998,0.723321557145411,0.897905877285678,0.997180861973136,12104.0535777771,1.00019704645783,"p_i[3,13,2]"
"p_i[3,14,1]",0.535755789885383,0.000869728901495539,0.0801024378606847,0.378567559659587,0.481128795143551,0.535746308130194,0.591079985553755,0.688537904497471,8482.49599398963,1.00007108142333,"p_i[3,14,1]"
"p_i[3,14,2]",0.696000201515236,0.00108072636328817,0.135322697635783,0.39870740316647,0.607884267745791,0.711076519063853,0.798776407768165,0.91377733980771,15678.6910357079,1.00019501505713,"p_i[3,14,2]"
"p_i[3,15,1]",0.336589256655189,0.00050401718772003,0.0549381365532515,0.234568154938753,0.298600569197509,0.334920125293589,0.373527203249466,0.447294333444387,11881.1137940217,1.00036158569855,"p_i[3,15,1]"
"p_i[3,15,2]",0.930073681931899,0.000346285609719482,0.0313727494975442,0.855346462551894,0.912029771523027,0.934702915943332,0.952783056841581,0.977753146056726,8207.97972340142,0.999979533887443,"p_i[3,15,2]"
"MU[1,1]",0.740923454522056,0.00077698406976299,0.0798749451910961,0.549796794074666,0.699704909880896,0.752884673543651,0.795804755470134,0.863607292958345,10568.1000682977,1.00013623530335,"MU[1,1]"
"MU[1,2]",0.903919735318841,0.000151875590592514,0.0186693956336771,0.858065415295413,0.895167547634304,0.907547397743125,0.916694834756411,0.930109424048515,15110.6991446754,1.00007075308186,"MU[1,2]"
"MU[1,3]",0.530472652272633,0.000738435965786468,0.0945399180340862,0.337721070594848,0.467187715597259,0.531971187035348,0.594957018120558,0.710838167973272,16390.9739801072,0.999918016813792,"MU[1,3]"
"MU[2,1]",0.750927135637017,0.00115768297389315,0.124136968162276,0.453466281948111,0.678252993491227,0.775874309095504,0.846802974808655,0.921604959967128,11498.0177893171,1.00026187184393,"MU[2,1]"
"MU[2,2]",0.758841811485201,0.000276372551441596,0.034333536050055,0.683912605747404,0.73710741911809,0.761649095704152,0.783302627414055,0.818068513215255,15432.8897118232,1.00007977636026,"MU[2,2]"
"MU[2,3]",0.743891101951085,0.000818553028817069,0.0930629366329979,0.525886527841776,0.688971245070201,0.756752965347231,0.811477906197762,0.889959888886132,12925.8724420366,1.00024743507198,"MU[2,3]"
"RD[1,1,1]",0,NA,0,0,0,0,0,0,NA,NA,"RD[1,1,1]"
"RD[1,1,2]",-0.162996280796784,0.000745138494432303,0.0836509959938933,-0.360032609852109,-0.207581668812723,-0.152566800486545,-0.106390566696535,-0.0271008576577151,12602.8344843064,1.00006027921895,"RD[1,1,2]"
"RD[1,1,3]",0.210450802249423,0.0010184797076986,0.12394750471341,-0.0537267500473607,0.134465933522938,0.214756813154396,0.293113656326522,0.443022386765583,14810.5373306955,1.00000219460797,"RD[1,1,3]"
"RD[1,2,1]",0.162996280796784,0.000745138494432303,0.0836509959938933,0.027100857657715,0.106390566696535,0.152566800486545,0.207581668812723,0.360032609852109,12602.8344843064,1.00006027921895,"RD[1,2,1]"
"RD[1,2,2]",0,NA,0,0,0,0,0,0,NA,NA,"RD[1,2,2]"
"RD[1,2,3]",0.373447083046207,0.000746624162377922,0.0968581945015723,0.189562982294165,0.307627884509539,0.372383287713339,0.437585220252201,0.570386866080551,16829.4009544774,0.999912265776489,"RD[1,2,3]"
"RD[1,3,1]",-0.210450802249423,0.0010184797076986,0.12394750471341,-0.443022386765583,-0.293113656326522,-0.214756813154396,-0.134465933522938,0.0537267500473606,14810.5373306955,1.00000219460797,"RD[1,3,1]"
"RD[1,3,2]",-0.373447083046207,0.000746624162377922,0.0968581945015723,-0.570386866080551,-0.437585220252201,-0.372383287713339,-0.307627884509539,-0.189562982294165,16829.4009544774,0.999912265776489,"RD[1,3,2]"
"RD[1,3,3]",0,NA,0,0,0,0,0,0,NA,NA,"RD[1,3,3]"
"RD[2,1,1]",0,NA,0,0,0,0,0,0,NA,NA,"RD[2,1,1]"
"RD[2,1,2]",-0.00791467584818378,0.00122655450623174,0.132598795528935,-0.315494054602972,-0.0880872910429973,0.013196246490058,0.091343325473865,0.191040536390909,11687.0648409793,1.00026837888618,"RD[2,1,2]"
"RD[2,1,3]",0.00703603368593234,0.00147799824251316,0.159378281926404,-0.334115662795969,-0.0912621583889446,0.0171053769777817,0.113719103730784,0.301482819781511,11628.1452093563,1.00029118436944,"RD[2,1,3]"
"RD[2,2,1]",0.00791467584818378,0.00122655450623174,0.132598795528935,-0.191040536390909,-0.091343325473865,-0.013196246490058,0.0880872910429973,0.315494054602971,11687.0648409793,1.00026837888618,"RD[2,2,1]"
"RD[2,2,2]",0,NA,0,0,0,0,0,0,NA,NA,"RD[2,2,2]"
"RD[2,2,3]",0.0149507095341161,0.000784970652639535,0.0968371530879204,-0.146913299019922,-0.0537558611826023,0.00367576304701428,0.0725218514242771,0.236271805322926,15218.6870241996,1.00009804563265,"RD[2,2,3]"
"RD[2,3,1]",-0.00703603368593234,0.00147799824251316,0.159378281926404,-0.301482819781512,-0.113719103730784,-0.0171053769777817,0.0912621583889446,0.334115662795968,11628.1452093563,1.00029118436944,"RD[2,3,1]"
"RD[2,3,2]",-0.0149507095341161,0.000784970652639535,0.0968371530879204,-0.236271805322926,-0.0725218514242771,-0.00367576304701428,0.0537558611826023,0.146913299019922,15218.6870241996,1.00009804563265,"RD[2,3,2]"
"RD[2,3,3]",0,NA,0,0,0,0,0,0,NA,NA,"RD[2,3,3]"
"LRD[1,1,1]",0,NA,0,0,0,0,0,0,NA,NA,"LRD[1,1,1]"
"LRD[1,1,2]",-1.39083815423846,0.00570810308172768,0.720191129084044,-2.80748722280312,-1.80838754417133,-1.39179837954929,-0.972576269481471,0.0395886767713624,15918.8584344671,0.999929557164531,"LRD[1,1,2]"
"LRD[1,1,3]",1.10795711657554,0.00763553143689017,0.983935640725808,-0.948907846099647,0.571239100332491,1.13310358853783,1.66715832129216,3.06245743533349,16605.6104321897,0.999966319984698,"LRD[1,1,3]"
"LRD[1,2,1]",1.39083815423846,0.00570810308172768,0.720191129084044,-0.0395886767713624,0.972576269481471,1.39179837954929,1.80838754417133,2.80748722280312,15918.8584344671,0.999929557164531,"LRD[1,2,1]"
"LRD[1,2,2]",0,NA,0,0,0,0,0,0,NA,NA,"LRD[1,2,2]"
"LRD[1,2,3]",2.498795270814,0.0066860105078391,0.856953915082383,0.796425967294136,1.99092916619953,2.48566555415284,2.99992723598469,4.245152448371,16427.8536370003,0.999964207403626,"LRD[1,2,3]"
"LRD[1,3,1]",-1.10795711657554,0.00763553143689017,0.983935640725808,-3.06245743533349,-1.66715832129216,-1.13310358853783,-0.571239100332491,0.948907846099644,16605.6104321897,0.999966319984698,"LRD[1,3,1]"
"LRD[1,3,2]",-2.498795270814,0.0066860105078391,0.856953915082383,-4.245152448371,-2.99992723598469,-2.48566555415284,-1.99092916619953,-0.796425967294136,16427.8536370003,0.999964207403626,"LRD[1,3,2]"
"LRD[1,3,3]",0,NA,0,0,0,0,0,0,NA,NA,"LRD[1,3,3]"
"LRD[2,1,1]",0,NA,0,0,0,0,0,0,NA,NA,"LRD[2,1,1]"
"LRD[2,1,2]",0.76617191562929,0.0133492950271805,1.67975335323844,-2.65044950708022,-0.188281732461665,0.762332815118226,1.7313136683714,4.26139298911302,15833.4068284846,1.00017578782496,"LRD[2,1,2]"
"LRD[2,1,3]",0.620875531304155,0.0140719078884987,1.88300388648294,-3.23225965545562,-0.463207401686934,0.614517706057401,1.741275349141,4.39113327366777,17905.9128108095,1.00019257586927,"LRD[2,1,3]"
"LRD[2,2,1]",-0.76617191562929,0.0133492950271805,1.67975335323844,-4.26139298911302,-1.7313136683714,-0.762332815118226,0.188281732461665,2.65044950708022,15833.4068284846,1.00017578782496,"LRD[2,2,1]"
"LRD[2,2,2]",0,NA,0,0,0,0,0,0,NA,NA,"LRD[2,2,2]"
"LRD[2,2,3]",-0.145296384325135,0.00784830283396966,1.01743635350031,-2.26968549096803,-0.680507607200209,-0.106431740471734,0.43252273770751,1.79938313567836,16805.9473081719,0.999912318498978,"LRD[2,2,3]"
"LRD[2,3,1]",-0.620875531304155,0.0140719078884987,1.88300388648294,-4.39113327366778,-1.741275349141,-0.614517706057401,0.463207401686934,3.23225965545562,17905.9128108095,1.00019257586927,"LRD[2,3,1]"
"LRD[2,3,2]",0.145296384325135,0.00784830283396966,1.01743635350031,-1.79938313567836,-0.43252273770751,0.106431740471734,0.680507607200209,2.26968549096803,16805.9473081719,0.999912318498978,"LRD[2,3,2]"
"LRD[2,3,3]",0,NA,0,0,0,0,0,0,NA,NA,"LRD[2,3,3]"
"DOR[1]",13.3380701282509,0.0922669077280151,11.0008862707361,1.96594599051708,6.00423511223446,10.3091380564492,17.2189457763247,42.4194267988518,14215.5418528119,1.00001299885137,"DOR[1]"
"DOR[2]",31.4578666165474,0.0666901072747846,8.23663242455436,17.2825727818886,25.6856784972834,30.7853162389906,36.5268718415287,49.2418765646606,15253.7469829088,0.999963719432349,"DOR[2]"
"DOR[3]",4.22572303094486,0.0224703481178317,2.86993941343753,1.01141404411353,2.32551781748503,3.52491456447424,5.30535290114187,11.6804071280328,16312.7002391304,1.00017831134815,"DOR[3]"
"S[1]",1.60301481481481,0.0117939176702835,1.2349025363224,0.333333333333333,0.333333333333333,1,3,3,10963.499008597,1.00014403847042,"S[1]"
"S[2]",2.92981481481481,0.0118087242828442,1.43549479629812,1,1,3,3,5,14777.3745070924,1.00011704592702,"S[2]"
"S[3]",0.530177777777778,0.00362027138635736,0.443448862015073,0.2,0.2,0.333333333333333,1,1,15003.923251004,1.00018904349362,"S[3]"
"A[1,1]",0,NA,0,0,0,0,0,0,NA,NA,"A[1,1]"
"A[1,2]",0.00377777777777778,0.000455494281293236,0.0613491260584222,0,0,0,0,0,18140.5689226817,0.999919497003242,"A[1,2]"
"A[1,3]",0.512,0.00457100357783876,0.499869864724902,0,0,1,1,1,11958.8877279144,1.00021473704159,"A[1,3]"
"A[2,1]",0.452777777777778,0.00444998602057448,0.49777889418555,0,0,0,1,1,12512.8334453696,0.999967573861655,"A[2,1]"
"A[2,2]",0,NA,0,0,0,0,0,0,NA,NA,"A[2,2]"
"A[2,3]",0.5145,0.00439778174022662,0.499803589402209,0,0,1,1,1,12916.0999770379,1.00023581589165,"A[2,3]"
"A[3,1]",0.0198333333333333,0.0010598179924643,0.139431173991623,0,0,0,0,0,17308.410698655,1.00013648667784,"A[3,1]"
"A[3,2]",0,NA,0,0,0,0,0,0,NA,NA,"A[3,2]"
"A[3,3]",0,NA,0,0,0,0,0,0,NA,NA,"A[3,3]"
"B[1,1]",0,NA,0,0,0,0,0,0,NA,NA,"B[1,1]"
"B[1,2]",0.452777777777778,0.00444998602057448,0.49777889418555,0,0,0,1,1,12512.8334453696,0.999967573861655,"B[1,2]"
"B[1,3]",0.0198333333333333,0.0010598179924643,0.139431173991623,0,0,0,0,0,17308.410698655,1.00013648667784,"B[1,3]"
"B[2,1]",0.00377777777777778,0.000455494281293236,0.0613491260584222,0,0,0,0,0,18140.5689226817,0.999919497003242,"B[2,1]"
"B[2,2]",0,NA,0,0,0,0,0,0,NA,NA,"B[2,2]"
"B[2,3]",0,NA,0,0,0,0,0,0,NA,NA,"B[2,3]"
"B[3,1]",0.512,0.00457100357783876,0.499869864724902,0,0,1,1,1,11958.8877279144,1.00021473704159,"B[3,1]"
"B[3,2]",0.5145,0.00439778174022662,0.499803589402209,0,0,1,1,1,12916.0999770379,1.00023581589165,"B[3,2]"
"B[3,3]",0,NA,0,0,0,0,0,0,NA,NA,"B[3,3]"
"C[1,1]",1,NA,0,1,1,1,1,1,NA,NA,"C[1,1]"
"C[1,2]",0,NA,0,0,0,0,0,0,NA,NA,"C[1,2]"
"C[1,3]",0,NA,0,0,0,0,0,0,NA,NA,"C[1,3]"
"C[2,1]",0,NA,0,0,0,0,0,0,NA,NA,"C[2,1]"
"C[2,2]",1,NA,0,1,1,1,1,1,NA,NA,"C[2,2]"
"C[2,3]",0,NA,0,0,0,0,0,0,NA,NA,"C[2,3]"
"C[3,1]",0,NA,0,0,0,0,0,0,NA,NA,"C[3,1]"
"C[3,2]",0,NA,0,0,0,0,0,0,NA,NA,"C[3,2]"
"C[3,3]",1,NA,0,1,1,1,1,1,NA,NA,"C[3,3]"
"tausq[1,1]",1.21819166852511,0.0370088362617073,3.24006802952107,0.00375903487373258,0.130482539874017,0.429053272556175,1.14813979640769,7.22420442948899,7664.73951190009,1.00001527723655,"tausq[1,1]"
"tausq[1,2]",1.15912658198073,0.0103937183279328,0.965730453245496,0.0325063871638251,0.544826917678129,0.94691090429633,1.50659608473963,3.65026954594333,8633.16351951372,0.999897352750308,"tausq[1,2]"
"tausq[1,3]",2.94039608289746,0.0398392420938284,4.36732244840307,0.192534353997449,0.900121901466432,1.72709701511128,3.37618596623805,12.8046799080532,12017.3408797101,0.999994463853592,"tausq[1,3]"
"tausq[2,1]",12.4498532427619,0.261569637350188,25.1340293953959,0.203138433983692,2.71949318738831,5.9274749274895,12.768080954786,66.8059688909891,9233.14331875414,1.00007801532576,"tausq[2,1]"
"tausq[2,2]",1.20553315825714,0.0130014540208294,1.29036899760252,0.0086819953581808,0.364214819603429,0.877625429440888,1.62522424207841,4.50752285239529,9850.17602224777,1.00006048998853,"tausq[2,2]"
"tausq[2,3]",4.19275301755556,0.177011282570443,18.3344027163447,0.0653378199444989,0.84565150487276,1.93892717299638,4.30240325490904,20.5685417655593,10728.3179283237,1.00003005499568,"tausq[2,3]"
"sigmabsq[1]",0.476254418750407,0.00618290162372643,0.568308646584592,0.00142916302976905,0.0942341662241252,0.302504838634624,0.656287491908551,1.98871733976726,8448.58260018046,0.999933109984875,"sigmabsq[1]"
"sigmabsq[2]",1.10252824648814,0.0143889264986019,1.3431894466652,0.00615222091530506,0.225005759994772,0.690192837331661,1.49112940866584,4.55213386996338,8714.00397238301,0.999944831228656,"sigmabsq[2]"
"sigmasq[1,1,1]",13.6432127598583,2.35792489947935,288.384704352237,0.0243952790756137,0.246748394404672,0.887270968471552,3.16292144175971,60.8101084073587,14958.3781142785,1.00004244482667,"sigmasq[1,1,1]"
"sigmasq[1,1,2]",3.04373994530317,0.0794353991120508,8.41927356575683,0.148648952008406,0.596513996200694,1.29925879550848,2.98132667351663,15.7758547094834,11233.654909691,1.00003960432759,"sigmasq[1,1,2]"
"sigmasq[1,1,3]",6.42255778642131,0.186277969010219,21.0091818466526,0.146788114629522,0.813888591574775,2.11673393889803,5.75325669037219,37.7569665077138,12720.2396044743,1.00004272624074,"sigmasq[1,1,3]"
"sigmasq[1,2,1]",3.04373994530317,0.0794353991120508,8.41927356575683,0.148648952008406,0.596513996200694,1.29925879550848,2.98132667351663,15.7758547094834,11233.654909691,1.00003960432759,"sigmasq[1,2,1]"
"sigmasq[1,2,2]",3.74065796080698,0.0604043521452559,7.46864650733073,0.264769644333439,0.930853501646078,1.898494016319,3.96375204929248,18.0571932345044,15287.8829117618,0.999999239249958,"sigmasq[1,2,2]"
"sigmasq[1,2,3]",5.52621535811642,0.0790939178912638,9.11643070121637,0.486400339673565,1.58168953290754,3.09865412338502,6.17509077407423,25.0956776663622,13285.0591570501,0.999909901861306,"sigmasq[1,2,3]"
"sigmasq[1,3,1]",6.42255778642131,0.186277969010219,21.0091818466526,0.146788114629522,0.813888591574775,2.11673393889803,5.75325669037219,37.7569665077138,12720.2396044743,1.00004272624074,"sigmasq[1,3,1]"
"sigmasq[1,3,2]",5.52621535811642,0.0790939178912638,9.11643070121637,0.486400339673565,1.58168953290754,3.09865412338502,6.17509077407423,25.0956776663622,13285.0591570501,0.999909901861306,"sigmasq[1,3,2]"
"sigmasq[1,3,3]",31.648251575397,1.86994661505816,239.09447293368,0.219946567599549,1.53037037184308,4.77724483560689,15.8031072668097,184.046786685268,16348.6033623489,0.999988135780125,"sigmasq[1,3,3]"
"sigmasq[2,1,1]",812.430404305338,72.9502770602354,8452.82388587542,2.32463373819699,15.3690500280516,48.3144481081087,190.630342452892,4639.99375356609,13426.0960510905,1.00001787277628,"sigmasq[2,1,1]"
"sigmasq[2,1,2]",31.066620219637,0.696856376695184,79.9241747662957,1.68235811438315,6.45637523282683,13.3707375123796,29.7595614701211,171.337704677809,13154.3612552741,1.0000218177208,"sigmasq[2,1,2]"
"sigmasq[2,1,3]",71.9370668763803,2.52027911225608,274.418825098119,1.74416173151073,9.21188589793711,22.5951435608408,57.5672980504793,453.958492168586,11855.7906271126,0.999953652751305,"sigmasq[2,1,3]"
"sigmasq[2,2,1]",31.066620219637,0.696856376695184,79.9241747662957,1.68235811438315,6.45637523282683,13.3707375123796,29.7595614701211,171.337704677809,13154.3612552741,1.0000218177208,"sigmasq[2,2,1]"
"sigmasq[2,2,2]",8.44203694887322,0.169237833982888,21.5520001362133,0.277165602247823,1.42528414237121,3.37894497578152,8.23411354627442,46.6592507957498,16217.3632919398,0.999926600673372,"sigmasq[2,2,2]"
"sigmasq[2,2,3]",13.4204671754569,0.421750989420373,46.4221300504375,0.509504968413076,2.42585338850026,5.68149092160624,13.2481809454259,70.3046401257841,12115.4041927022,0.999905876980403,"sigmasq[2,2,3]"
"sigmasq[2,3,1]",71.9370668763803,2.52027911225608,274.418825098119,1.74416173151073,9.21188589793711,22.5951435608408,57.5672980504793,453.958492168586,11855.7906271126,0.999953652751305,"sigmasq[2,3,1]"
"sigmasq[2,3,2]",13.4204671754569,0.421750989420373,46.4221300504375,0.509504968413076,2.42585338850026,5.68149092160624,13.2481809454259,70.3046401257841,12115.4041927022,0.999905876980403,"sigmasq[2,3,2]"
"sigmasq[2,3,3]",366.534076065936,258.815376667072,32745.9339629863,0.189624122713128,2.70073912953718,9.44595596768104,33.6754288331405,485.296167500551,16007.9092447831,1.00000817850346,"sigmasq[2,3,3]"
"rhow[1,1,1]",0.436494307032676,0.00578697301166383,0.345966672755735,0.00157492816051431,0.0985143065670381,0.382836198826279,0.770462870675168,0.993996078858682,3574.09108152779,1.00046305176596,"rhow[1,1,1]"
"rhow[1,1,2]",0.338380305614632,0.00400923912252117,0.270092035301039,0.00143279604402929,0.0933342595261979,0.295914041241947,0.540047056335039,0.908492239228114,4538.36724273317,0.999998016240263,"rhow[1,1,2]"
"rhow[1,1,3]",0.264765762181672,0.00316246495923096,0.22060832395241,0.00106862130419931,0.0729335090416522,0.223622453760931,0.406576881721434,0.781452779073044,4866.22679754652,1.00028857764071,"rhow[1,1,3]"
"rhow[1,2,1]",0.338380305614632,0.00400923912252117,0.270092035301039,0.00143279604402929,0.0933342595261979,0.295914041241947,0.540047056335039,0.908492239228114,4538.36724273317,0.999998016240263,"rhow[1,2,1]"
"rhow[1,2,2]",0.308128607518249,0.00390932011012611,0.283648964200826,0.000993831581385919,0.0698003300390735,0.221371933673519,0.480363208882584,0.972412829832524,5264.53402391737,0.999908225360108,"rhow[1,2,2]"
"rhow[1,2,3]",0.221943590941156,0.00228645339881506,0.187482276695358,0.000908384139114969,0.0594138632196637,0.181273051810977,0.345852896880248,0.649965191587966,6723.50495015904,0.999973602089448,"rhow[1,2,3]"
"rhow[1,3,1]",0.264765762181672,0.00316246495923096,0.22060832395241,0.00106862130419931,0.0729335090416522,0.223622453760931,0.406576881721434,0.781452779073044,4866.22679754652,1.00028857764071,"rhow[1,3,1]"
"rhow[1,3,2]",0.221943590941156,0.00228645339881506,0.187482276695358,0.000908384139114969,0.0594138632196637,0.181273051810977,0.345852896880248,0.649965191587966,6723.50495015904,0.999973602089448,"rhow[1,3,2]"
"rhow[1,3,3]",0.197833461706997,0.00228007963953503,0.205620247631955,0.000792651182793104,0.0418272120322443,0.129745864042632,0.28831329424242,0.779856991783313,8132.6432679617,1.00012622221421,"rhow[1,3,3]"
"rhow[2,1,1]",0.194716872888252,0.00346649867696386,0.250292553739684,0.000488261169730825,0.0214482267819162,0.0848197279895417,0.264647455753123,0.925407434366344,5213.31277407892,1.00004982412594,"rhow[2,1,1]"
"rhow[2,1,2]",0.267555819790832,0.00342153447987477,0.250011473032591,0.00147942621190982,0.0622289077848484,0.188565551699392,0.413078038018142,0.87719215453291,5339.22270410568,1.00012254255617,"rhow[2,1,2]"
"rhow[2,1,3]",0.213689834602689,0.00281976992662251,0.215266861683833,0.00117090575320384,0.0473005478547087,0.139865997905179,0.316836184021786,0.784639360883309,5828.10020298782,0.99998490758525,"rhow[2,1,3]"
"rhow[2,2,1]",0.267555819790832,0.00342153447987477,0.250011473032591,0.00147942621190982,0.0622289077848484,0.188565551699392,0.413078038018142,0.87719215453291,5339.22270410568,1.00012254255617,"rhow[2,2,1]"
"rhow[2,2,2]",0.461601305301089,0.00460622258627931,0.333271473083515,0.00372960446866466,0.146084614500815,0.434659635269444,0.770126244877863,0.995131920175772,5234.87650959218,1.00009723812593,"rhow[2,2,2]"
"rhow[2,2,3]",0.34498095868753,0.00301585381134266,0.248619679635126,0.00322281770979272,0.121750496566267,0.318389326331246,0.538238132952557,0.8301076182981,6795.95403831398,1.00007725326203,"rhow[2,2,3]"
"rhow[2,3,1]",0.213689834602689,0.00281976992662251,0.215266861683833,0.00117090575320384,0.0473005478547087,0.139865997905179,0.316836184021786,0.784639360883309,5828.10020298782,0.99998490758525,"rhow[2,3,1]"
"rhow[2,3,2]",0.34498095868753,0.00301585381134266,0.248619679635126,0.00322281770979272,0.121750496566267,0.318389326331246,0.538238132952557,0.8301076182981,6795.95403831398,1.00007725326203,"rhow[2,3,2]"
"rhow[2,3,3]",0.311646240044159,0.00328466966467309,0.275480444967496,0.00212572913290017,0.0759184023665223,0.234379619083463,0.489765208741432,0.951675682020902,7033.93178771506,1.0000324410149,"rhow[2,3,3]"
"loglik[1]",-33.408105142015,0.0422831997697034,4.80798624003903,-43.3364829178432,-36.4784948507013,-33.1947609220932,-30.0549805233703,-24.6310922860307,12929.7682924497,0.999931729914356,"loglik[1]"
"loglik[2]",-3.83002167998001,0.00993347074575743,1.22008424396078,-6.710622315805,-4.51653548878381,-3.66470921118153,-2.94728114015747,-1.9934461700572,15086.121574047,1.00009224168277,"loglik[2]"
"loglik[3]",-14.0803665393453,0.030147486359356,3.8064558364169,-22.6259673466644,-16.3400997459757,-13.6748465542258,-11.3831042181641,-7.7750899440159,15941.8741385111,0.99999233273487,"loglik[3]"
"loglik[4]",-2.81840060484242,0.0112707556280938,0.72198314987639,-4.73461766781934,-3.10853849682225,-2.59900684064163,-2.28521304415688,-2.15161582089181,4103.43970701575,1.00017785569876,"loglik[4]"
"loglik[5]",-8.61374876215438,0.0168211975899899,2.20598932806973,-13.4314796069065,-10.0007266215824,-8.42892733881381,-7.04132132100742,-4.86843806167518,17198.595792596,0.999918132426557,"loglik[5]"
"loglik[6]",-23.0528588681484,0.0483724664009231,5.53092402721544,-35.5266328364854,-26.4715469497374,-22.4469106939199,-19.1402149712651,-13.8090236352319,13073.7122748424,1.00017091897436,"loglik[6]"
"loglik[7]",-22.4418488893646,0.0541384281268852,7.08578380284728,-38.2398625213608,-26.8596133287376,-21.6607218196739,-17.3402053534377,-10.9154892365774,17130.2819128162,1.00013761213372,"loglik[7]"
"loglik[8]",-4.2529674962972,0.0101344178112149,1.18314983786498,-6.85935129581776,-4.97188268331449,-4.13365714582315,-3.41879304005681,-2.2894109716358,13629.5616111223,1.00001675816688,"loglik[8]"
"loglik[9]",-2.72731569061943,0.00795516566240561,0.990351786169504,-5.1972301254231,-3.25738976823637,-2.50668948716506,-1.97153546367423,-1.47870569954462,15498.1736374584,0.999905559554693,"loglik[9]"
"loglik[10]",-2.52333717423173,0.0143339619308223,0.888119081455066,-4.78136069682342,-2.98572615654015,-2.32522956683716,-1.85584393664999,-1.43368897750554,3838.92748609157,1.00051333831082,"loglik[10]"
"loglik[11]",-4.54709836638863,0.0110347441160893,1.44818305968011,-8.04743124473775,-5.36221344060841,-4.29242000062695,-3.4723370014719,-2.48025407416788,17223.5389822663,1.00009687757279,"loglik[11]"
"loglik[12]",-2.75032211345944,0.0055845960129776,0.716730550493772,-4.61872360373388,-3.08418050410976,-2.53729140318074,-2.20411187161497,-2.03541453983896,16471.3163846195,0.999927574511996,"loglik[12]"
"loglik[13]",-2.03278630937374,0.00196797634848329,0.256709332411086,-2.73000255210823,-2.13064230789775,-1.94212083994631,-1.84775875389828,-1.81566541374069,17015.4549381697,0.999960461159167,"loglik[13]"
"loglik[14]",-23.2740592842202,0.0443499354442851,4.91689339744232,-34.2271587782896,-26.3049116681959,-22.7556806362639,-19.7954852880527,-15.097238757202,12291.2372310118,0.999941990701489,"loglik[14]"
"loglik[15]",-16.8758646318762,0.025092010983718,2.90728455913645,-23.176850032625,-18.6973990890312,-16.6709305043764,-14.8107755507721,-11.776425729058,13424.6862793316,1.00001628449653,"loglik[15]"
"loglik[16]",-1.73176629291452,0.00322892416181333,0.420306280553389,-2.82453182539362,-1.92722682948528,-1.61591649591425,-1.40963951028878,-1.299504787794,16944.0049506855,0.999982576730116,"loglik[16]"
"loglik[17]",-6.1111952564916,0.0153671496764091,1.98167549091637,-10.6759818982999,-7.25045564588412,-5.84643506082621,-4.70377282332835,-2.96933962849485,16629.4709799128,1.00024328326363,"loglik[17]"
"loglik[18]",-1.33478273854211,0.00443929748868058,0.554638486179276,-2.59252035015116,-1.67079589538438,-1.27015912411498,-0.926679527308477,-0.459535052550621,15609.5903316994,0.999960535126179,"loglik[18]"
"loglik[19]",-59.6499853480242,0.102958284885116,10.5055029766964,-81.6499437792372,-66.3109549682016,-59.0625932827793,-52.2103808217457,-40.9968094648227,10411.4472153387,1.0004068048898,"loglik[19]"
"loglik[20]",-34.8705492339108,0.0844490691699276,10.7495709650266,-58.9538735405883,-41.2156642343327,-33.7945698073209,-27.2958559725923,-16.8996048504026,16202.8916660762,0.999920451704231,"loglik[20]"
"loglik[21]",-11.2971981099301,0.0288277989476123,3.6253870845944,-19.5717023427416,-13.4923925623111,-10.9166271429526,-8.66201536858505,-5.41597335108356,15815.6045507635,0.999985626354979,"loglik[21]"
"loglik[22]",-2.20188202171298,0.00519086475383007,0.687304567926397,-4.14033417480787,-2.361864610531,-1.93922754832881,-1.76516112013665,-1.71912480866583,17531.4982761474,1.00005214348437,"loglik[22]"
"loglik[23]",-1.83196929534342,0.00450623823032628,0.585061123883568,-3.57935150570345,-1.9702109981936,-1.60238878651512,-1.45790772711593,-1.41577555108808,16856.7632269703,1.00005554077878,"loglik[23]"
"loglik[24]",-0.612798381718905,0.00582590815881907,0.695361988624851,-2.46955435078092,-0.869005931459909,-0.384028965190613,-0.124008990696427,-0.00250375377306806,14246.0552817464,1.00003801405098,"loglik[24]"
"loglik[25]",-2.65904351983084,0.00553389040655785,0.714093315362452,-4.71706463012874,-2.82360853510679,-2.38528573686044,-2.20480071417124,-2.15056601189706,16651.3261377199,0.999967167905038,"loglik[25]"
"loglik[26]",-2.09411369586058,0.00587423578298156,0.687881783146387,-4.04816307283198,-2.25553599185729,-1.82539092532149,-1.65215500577606,-1.60211142389159,13712.7597714823,0.999991358041644,"loglik[26]"
"loglik[27]",-2.3473525995985,0.0066078850697606,0.685863974303279,-4.26419503612703,-2.51097165361266,-2.08449584675581,-1.91045541906667,-1.85984253109005,10773.3562679824,1.00018128800864,"loglik[27]"
"loglik[28]",-2.50207847612589,0.00573841195976324,0.690268830918113,-4.49576025144316,-2.65724004312608,-2.23814452395673,-2.06711082228927,-2.01857130665416,14469.4852225617,1.00030384900882,"loglik[28]"
"loglik[29]",-1.14540082582366,0.0080767037787926,0.984828649076009,-3.76196345277502,-1.58163261588185,-0.880641464358428,-0.42127689068704,-0.0587222210112518,14868.016618611,0.999947274740167,"loglik[29]"
"loglik[30]",-1.89154987480714,0.00514217641291861,0.630389071302369,-3.68980600009211,-2.03268756561804,-1.65123284391951,-1.49371462369606,-1.44896158115679,15028.7689251647,0.999942538187525,"loglik[30]"
"loglik[31]",-1.814089137424,0.00448096691360408,0.572118835757305,-3.4452946644581,-1.93860792192133,-1.5948168279274,-1.45277400802624,-1.41121019805476,16301.5544146018,1.00003651389753,"loglik[31]"
"loglik[32]",-2.80580685569661,0.00558818758877772,0.735831593959567,-4.90709953256155,-2.97546174056325,-2.52008907133959,-2.33514069030168,-2.28231378457966,17338.6351897926,0.999973245721322,"loglik[32]"
"loglik[33]",-2.50542874270757,0.00540080750525954,0.679019635013516,-4.45680054629873,-2.65257937554199,-2.24555278034467,-2.0795132252339,-2.03355774803653,15806.9204861218,0.999907255674854,"loglik[33]"
"loglik[34]",-2.2705470258,0.00486976637910952,0.651064982606547,-4.15725931848439,-2.4246721133047,-2.02010835130419,-1.86108012052083,-1.81579879145747,17874.4390415924,1.00004828683021,"loglik[34]"
"loglik[35]",-2.05428303432858,0.00871250200861925,1.07316076364705,-5.04077936261279,-2.42352086715801,-1.6493561901626,-1.30786366681478,-1.1985205099044,15172.0333692612,0.999996675539796,"loglik[35]"
"loglik[36]",-1.92931417341302,0.00615732500076582,0.779665500508242,-4.13359978018323,-2.1036398631704,-1.62736643056037,-1.43301790672153,-1.37750491155267,16033.6529892441,1.00009539610786,"loglik[36]"
"loglik[37]",-1.78330179356282,0.00509197855507649,0.663770070939489,-3.68031584622912,-1.95006640341324,-1.52994299781157,-1.35033857105817,-1.29832876177165,16992.6925940548,0.999965333797963,"loglik[37]"
"loglik[38]",-1.73290812428442,0.00485788381070713,0.603679726856056,-3.46607368112994,-1.88129828568634,-1.50254285335962,-1.3430230637927,-1.29825796395921,15442.5471545629,1.00014183509101,"loglik[38]"
"loglik[39]",-0.440692645353171,0.00640523015107066,0.631664404062205,-2.26237793584668,-0.583025583244077,-0.198321900606368,-0.0381796779785978,-5.83716611033958e-05,9725.30721573283,0.999997925409227,"loglik[39]"
"loglik[40]",-2.14141048450673,0.00978465857448164,0.772092624384117,-4.40337365046094,-2.30624473867822,-1.8417083580066,-1.65551167933045,-1.60364482668408,6226.5496506321,0.999941010295986,"loglik[40]"
"loglik[41]",-2.82370234990177,0.0057374602380483,0.741560467000066,-4.93731910305141,-2.99481810081128,-2.53720820595894,-2.35536998574178,-2.29891044170026,16705.2800632549,0.999928534101722,"loglik[41]"
"loglik[42]",-2.18512714546662,0.00510048843011777,0.674054178160098,-4.1280422660393,-2.3432185131289,-1.92131589126484,-1.75208527472027,-1.7033176794028,17464.8989244782,1.00035677326014,"loglik[42]"
"lp__",-1258.08622518023,0.513135766171901,25.0611953216644,-1304.72011128559,-1275.02232659617,-1258.7557433928,-1241.89020211115,-1206.57932397071,2385.27792821143,1.00541429648719,"lp__"
